{"cameraMode":{"drawMode":0,"name":"Shaded","section":"Shading Mode"},"sceneLighting":true,"audioPlay":false,"sceneViewState":{"m_AlwaysRefresh":false,"showFog":true,"showSkybox":true,"showFlares":true,"showImageEffects":true,"showParticleSystems":true,"showVisualEffectGraphs":true,"m_FxEnabled":true},"in2DMode":false,"pivot":{"x":0.8860453963279724,"y":2.426966667175293,"z":-37.773799896240237},"rotation":{"x":-0.10825484246015549,"y":0.029416609555482866,"z":-0.004849446937441826,"w":-0.9937171339988709},"size":1.0690187215805054,"orthographic":false}