{"cameraMode":{"drawMode":0,"name":"Shaded","section":"Shading Mode"},"sceneLighting":true,"audioPlay":false,"sceneViewState":{"m_AlwaysRefresh":false,"showFog":true,"showSkybox":true,"showFlares":true,"showImageEffects":true,"showParticleSystems":true,"showVisualEffectGraphs":true,"m_FxEnabled":true},"in2DMode":false,"pivot":{"x":1.0484681129455567,"y":2.816769599914551,"z":-37.721527099609378},"rotation":{"x":-0.01657436601817608,"y":-0.009253947995603085,"z":-0.0014839151408523322,"w":-0.9998599290847778},"size":1.0690187215805054,"orthographic":false}