{"cameraMode":{"drawMode":0,"name":"Shaded","section":"Shading Mode"},"sceneLighting":true,"audioPlay":false,"sceneViewState":{"m_AlwaysRefresh":false,"showFog":true,"showSkybox":true,"showFlares":true,"showImageEffects":true,"showParticleSystems":true,"showVisualEffectGraphs":true,"m_FxEnabled":true},"in2DMode":false,"pivot":{"x":0.9236838817596436,"y":7.930821418762207,"z":-19.004255294799806},"rotation":{"x":-0.08032054454088211,"y":0.04746541380882263,"z":0.0023727284278720619,"w":0.9957436919212341},"size":12.12435531616211,"orthographic":false}