{"cameraMode":{"drawMode":0,"name":"Shaded","section":"Shading Mode"},"sceneLighting":true,"audioPlay":false,"sceneViewState":{"m_AlwaysRefresh":false,"showFog":true,"showSkybox":true,"showFlares":true,"showImageEffects":true,"showParticleSystems":true,"showVisualEffectGraphs":true,"m_FxEnabled":true},"in2DMode":false,"pivot":{"x":2.5998730659484865,"y":2.758925676345825,"z":1.2822132110595704},"rotation":{"x":0.03238772973418236,"y":-0.9538878798484802,"z":0.10779404640197754,"w":0.277537077665329},"size":1.1222329139709473,"orthographic":false}