{"cameraMode":{"drawMode":0,"name":"Shaded","section":"Shading Mode"},"sceneLighting":true,"audioPlay":false,"sceneViewState":{"m_AlwaysRefresh":false,"showFog":true,"showSkybox":true,"showFlares":true,"showImageEffects":true,"showParticleSystems":true,"showVisualEffectGraphs":true,"m_FxEnabled":true},"in2DMode":false,"pivot":{"x":2.088470458984375,"y":0.999103307723999,"z":-18.391307830810548},"rotation":{"x":-0.03777870535850525,"y":-0.09435881674289704,"z":0.004924251697957516,"w":-0.9949286580085754},"size":12.12435531616211,"orthographic":false}