{"cameraMode":{"drawMode":0,"name":"Shaded","section":"Shading Mode"},"sceneLighting":true,"audioPlay":false,"sceneViewState":{"m_AlwaysRefresh":false,"showFog":true,"showSkybox":true,"showFlares":true,"showImageEffects":true,"showParticleSystems":true,"showVisualEffectGraphs":true,"m_FxEnabled":true},"in2DMode":false,"pivot":{"x":6.087941646575928,"y":2.847898483276367,"z":0.9888954162597656},"rotation":{"x":0.12627628445625306,"y":0.06907293945550919,"z":-0.007141081616282463,"w":0.989493727684021},"size":25.14727020263672,"orthographic":false}