{"cameraMode":{"drawMode":0,"name":"Shaded","section":"Shading Mode"},"sceneLighting":true,"audioPlay":false,"sceneViewState":{"m_AlwaysRefresh":false,"showFog":true,"showSkybox":true,"showFlares":true,"showImageEffects":true,"showParticleSystems":true,"showVisualEffectGraphs":true,"m_FxEnabled":true},"in2DMode":false,"pivot":{"x":4.2310614585876469,"y":-39.724708557128909,"z":267.7085876464844},"rotation":{"x":0.07062914222478867,"y":0.00602141534909606,"z":-0.00042760782525874674,"w":0.9975395202636719},"size":156.3763885498047,"orthographic":false}