{"cameraMode":{"drawMode":0,"name":"Shaded","section":"Shading Mode"},"sceneLighting":true,"audioPlay":false,"sceneViewState":{"m_AlwaysRefresh":false,"showFog":true,"showSkybox":true,"showFlares":true,"showImageEffects":true,"showParticleSystems":true,"showVisualEffectGraphs":true,"m_FxEnabled":true},"in2DMode":false,"pivot":{"x":0.12607552111148835,"y":2.1396052837371828,"z":-0.018665608018636705},"rotation":{"x":-0.0587247759103775,"y":0.9178493022918701,"z":-0.14894327521324159,"w":-0.3629097044467926},"size":0.8660253882408142,"orthographic":false}