{"cameraMode":{"drawMode":0,"name":"Shaded","section":"Shading Mode"},"sceneLighting":true,"audioPlay":false,"sceneViewState":{"m_AlwaysRefresh":false,"showFog":true,"showSkybox":true,"showFlares":true,"showImageEffects":true,"showParticleSystems":true,"showVisualEffectGraphs":true,"m_FxEnabled":true},"in2DMode":false,"pivot":{"x":53.3568000793457,"y":173.12208557128907,"z":-72.99352264404297},"rotation":{"x":0.025606166571378709,"y":-0.7190411686897278,"z":0.025728873908519746,"w":0.6936566233634949},"size":1.0522018671035767,"orthographic":false}