{"cameraMode":{"drawMode":0,"name":"Shaded","section":"Shading Mode"},"sceneLighting":true,"audioPlay":false,"sceneViewState":{"m_AlwaysRefresh":false,"showFog":true,"showSkybox":true,"showFlares":true,"showImageEffects":true,"showParticleSystems":true,"showVisualEffectGraphs":true,"m_FxEnabled":true},"in2DMode":false,"pivot":{"x":-2.6247153282165529,"y":5.462239742279053,"z":-16.29631996154785},"rotation":{"x":0.0032847505062818529,"y":0.9960876107215881,"z":-0.0869084894657135,"w":0.018575448542833329},"size":1.127009630203247,"orthographic":false}